{
  "timestamp": "2026-01-27T02:06:22.650495",
  "device": "cuda",
  "num_samples": 1001,
  "models": {
    "OpenBioLLM-8B": {
      "rouge_l": {
        "mean": 0.6748712340603065,
        "std": 0.06839761733821245
      },
      "sari": {
        "mean": 74.63908020859577,
        "std": 4.826087103517736,
        "corpus_score": 74.60611488478351
      },
      "bertscore_f1": {
        "mean": 0.9498306350274519,
        "std": 0.012680292619452428
      },
      "fk_grade_pred": {
        "mean": 7.157979993492388,
        "std": 2.312312596123298
      },
      "fk_grade_gt": {
        "mean": 7.232069132117426,
        "std": 1.3126707446331223
      },
      "fk_grade_src": {
        "mean": 14.503749333809505,
        "std": 4.441037912633967
      }
    },
    "Mistral-7B": {
      "rouge_l": {
        "mean": 0.6491014998674438,
        "std": 0.07415268973764783
      },
      "sari": {
        "mean": 73.7855025206456,
        "std": 4.937469945806972,
        "corpus_score": 73.62624146237259
      },
      "bertscore_f1": {
        "mean": 0.9464097968586437,
        "std": 0.012752702874534332
      },
      "fk_grade_pred": {
        "mean": 6.910084670116449,
        "std": 1.2132131634408096
      },
      "fk_grade_gt": {
        "mean": 7.232069132117426,
        "std": 1.3126707446331223
      },
      "fk_grade_src": {
        "mean": 14.503749333809505,
        "std": 4.441037912633967
      }
    },
    "BioMistral-7B-DARE": {
      "rouge_l": {
        "mean": 0.6318357403760334,
        "std": 0.07493143437959669
      },
      "sari": {
        "mean": 73.01226579122218,
        "std": 4.778882624576528,
        "corpus_score": 72.87682313878115
      },
      "bertscore_f1": {
        "mean": 0.9439326279408686,
        "std": 0.012692811693007072
      },
      "fk_grade_pred": {
        "mean": 6.947526064122416,
        "std": 1.2398379275192772
      },
      "fk_grade_gt": {
        "mean": 7.232069132117426,
        "std": 1.3126707446331223
      },
      "fk_grade_src": {
        "mean": 14.503749333809505,
        "std": 4.441037912633967
      }
    }
  }
}