Model,Type,Format,ROUGE-L,SARI,BERTScore-F1,FK-Grade,FK-Std,Valid,Total
OpenBioLLM-8B,Medical,chatml,0.2623392746887092,36.982421126900114,0.6370704132062452,12.526027991439594,3.6990048931530635,1001,1001
BioMistral-7B-DARE,Medical,mistral,0.41199156593373293,51.91413180947275,0.7426095323248224,9.517294375965909,3.5601771291985833,1001,1001
Mistral-7B,General,mistral,0.3911775270490625,46.37944691573664,0.7335479408353716,10.604461522705865,8.317927356250252,1001,1001
